기간,색상,사이즈,수량
24_H2,다크그레이,20인치,945
24_H2,다크그레이,24인치,1230
24_H2,다크그레이,28인치,1779
24_H2,블랙,20인치,334
24_H2,블랙,24인치,400
24_H2,블랙,28인치,554
24_H2,화이트,20인치,276
24_H2,화이트,24인치,269
24_H2,화이트,28인치,352
25_H1,다크그레이,20인치,708
25_H1,다크그레이,24인치,1178
25_H1,다크그레이,28인치,1575
25_H1,블랙,20인치,229
25_H1,블랙,24인치,338
25_H1,블랙,28인치,571
25_H1,화이트,20인치,376
25_H1,화이트,24인치,413
25_H1,화이트,28인치,451
25_H2,다크그레이,20인치,627
25_H2,다크그레이,24인치,956
25_H2,다크그레이,28인치,1318
25_H2,블랙,20인치,216
25_H2,블랙,24인치,271
25_H2,블랙,28인치,464
25_H2,화이트,20인치,248
25_H2,화이트,24인치,294
25_H2,화이트,28인치,273
26_H1,다크그레이,20인치,364
26_H1,다크그레이,24인치,596
26_H1,다크그레이,28인치,771
26_H1,블랙,20인치,98
26_H1,블랙,24인치,153
26_H1,블랙,28인치,234
26_H1,화이트,20인치,133
26_H1,화이트,24인치,179
26_H1,화이트,28인치,182
